"stock_id","year","bbmsy_mean","prior","model","mean_5year"
"Gadus_morhua-27",1980,0.825958947071131,"constrained","CMSY",NA
"Gadus_morhua-27",1981,0.867588350857399,"constrained","CMSY",NA
"Gadus_morhua-27",1982,0.858050767939441,"constrained","CMSY",NA
"Gadus_morhua-27",1983,0.911051884756716,"constrained","CMSY",NA
"Gadus_morhua-27",1984,0.991875972691602,"constrained","CMSY",0.890905184663258
"Gadus_morhua-27",1985,1.07502545760523,"constrained","CMSY",0.940718486770078
"Gadus_morhua-27",1986,1.1326221170316,"constrained","CMSY",0.993725240004918
"Gadus_morhua-27",1987,1.09182987176196,"constrained","CMSY",1.04048106076942
"Gadus_morhua-27",1988,1.06645556675838,"constrained","CMSY",1.07156179716975
"Gadus_morhua-27",1989,1.11570845848132,"constrained","CMSY",1.0963282943277
"Gadus_morhua-27",1990,1.25404030791072,"constrained","CMSY",1.1321312643888
"Gadus_morhua-27",1991,1.36114202880193,"constrained","CMSY",1.17783524674286
"Gadus_morhua-27",1992,1.37854195825067,"constrained","CMSY",1.2351776640406
"Gadus_morhua-27",1993,1.41717780376248,"constrained","CMSY",1.30532211144142
"Gadus_morhua-27",1994,1.34546807211971,"constrained","CMSY",1.3512740341691
"Gadus_morhua-27",1995,1.27878005080262,"constrained","CMSY",1.35622198274748
"Gadus_morhua-27",1996,1.23024073916309,"constrained","CMSY",1.33004172481971
"Gadus_morhua-27",1997,1.16546325109639,"constrained","CMSY",1.28742598338886
"Gadus_morhua-27",1998,1.13973642482346,"constrained","CMSY",1.23193770760105
"Gadus_morhua-27",1999,1.15097506057145,"constrained","CMSY",1.1930391052914
"Gadus_morhua-27",2000,1.19626437505551,"constrained","CMSY",1.17653597014198
"Gadus_morhua-27",2001,1.27363843045033,"constrained","CMSY",1.18521550839943
"Gadus_morhua-27",2002,1.30295259647511,"constrained","CMSY",1.21271337747517
"Gadus_morhua-27",2003,1.32687878828081,"constrained","CMSY",1.25014185016664
"Gadus_morhua-27",2004,1.31805688817304,"constrained","CMSY",1.28355821568696
"Gadus_morhua-27",2005,1.30010861924298,"constrained","CMSY",1.30432706452445
"Gadus_morhua-27",2006,1.32914526669894,"constrained","CMSY",1.31542843177418
"Gadus_morhua-27",2007,1.41074032727838,"constrained","CMSY",1.33698597793483
"Gadus_morhua-27",2008,1.52267033552739,"constrained","CMSY",1.37614428738415
"Gadus_morhua-27",2009,1.60083787424598,"constrained","CMSY",1.43270048459873
"Gadus_morhua-27",2010,1.6402552765499,"constrained","CMSY",1.50072981606012
"Gadus_morhua-27",2011,1.64535022541685,"constrained","CMSY",1.5639708078037
"Gadus_morhua-27",2012,1.65735881650839,"constrained","CMSY",1.6132945056497
"Gadus_morhua-27",2013,1.63792092990059,"constrained","CMSY",1.63634462452434
"Gadus_morhua-27",2014,1.61646806965447,"constrained","CMSY",1.63947066360604
"Gadus_morhua-27",2015,1.62342868068005,"constrained","CMSY",1.63610534443207
"Gadus_morhua-27",2016,1.4282887435701,"constrained","CMSY",1.59269304806272
"Gadus_morhua-27",2017,1.35364953246957,"constrained","CMSY",1.53195119125496
"Gadus_morhua-27",2018,1.32129366678962,"constrained","CMSY",1.46862573863276
"Gadus_morhua-27",2019,1.31156439353545,"constrained","CMSY",1.40764500340896
"Gadus_morhua-27",2020,1.31008195406687,"constrained","CMSY",1.34497565808632
"Gadus_morhua-27",2021,1.3086542458537,"constrained","CMSY",1.32104875854304
"Gadus_morhua-27",2022,1.30570318182979,"constrained","CMSY",1.31145948841509
"Gadus_morhua-27",2023,1.30583083217104,"constrained","CMSY",1.30836692149137
"Gadus_morhua-27",2024,1.31465718428582,"constrained","CMSY",1.30898547964144
"Gadus_morhua-27",2025,1.31234530081406,"constrained","CMSY",1.30943814899088
"Gadus_morhua-27",2026,1.30785497320839,"constrained","CMSY",1.30927829446182
"Gadus_morhua-27",2027,1.3103028037856,"constrained","CMSY",1.31019821885298
"Gadus_morhua-27",2028,1.31374102540963,"constrained","CMSY",1.3117802575007
"Gadus_morhua-27",2029,1.31846013641897,"constrained","CMSY",1.31254084792733
"Gadus_morhua-27",2030,1.31872437763949,"constrained","CMSY",1.31381666329242
"Gadus_morhua-27",2031,1.32452377676511,"constrained","CMSY",1.31715042400376
"Gadus_morhua-27",2032,1.32825275567444,"constrained","CMSY",1.32074041438153
"Gadus_morhua-27",2033,1.32842041853726,"constrained","CMSY",1.32367629300705
"Gadus_morhua-27",2034,1.33146569028679,"constrained","CMSY",1.32627740378062
"Gadus_morhua-27",2035,1.33667382859376,"constrained","CMSY",1.32986729397147
"Gadus_morhua-27",2036,1.33976833807491,"constrained","CMSY",1.33291620623343
"Gadus_morhua-27",2037,1.34091083497935,"constrained","CMSY",1.33544782209441
"Gadus_morhua-27",2038,1.34404091573375,"constrained","CMSY",1.33857192153371
"Gadus_morhua-27",2039,1.34711242371555,"constrained","CMSY",1.34170126821946
"Gadus_morhua-27",2040,1.34950366952195,"constrained","CMSY",1.3442672364051
"Gadus_morhua-27",2041,1.35660592830218,"constrained","CMSY",1.34763475445056
"Gadus_morhua-27",2042,1.36388151939049,"constrained","CMSY",1.35222889133278
"Gadus_morhua-27",2043,1.36855066872889,"constrained","CMSY",1.35713084193181
"Gadus_morhua-27",2044,1.36941835375823,"constrained","CMSY",1.36159202794035
"Gadus_morhua-27",2045,1.36662204479643,"constrained","CMSY",1.36501570299524
"Gadus_morhua-27",2046,1.36287554862006,"constrained","CMSY",1.36626962705882
"Gadus_morhua-27",2047,1.35678356800842,"constrained","CMSY",1.36485003678241
"Gadus_morhua-27",2048,1.34216167350309,"constrained","CMSY",1.35957223773725
"Gadus_morhua-27",2049,1.33280963404447,"constrained","CMSY",1.35225049379449
"Gadus_morhua-27",2050,1.33237018711933,"constrained","CMSY",1.34540012225907
"Gadus_morhua-27",2051,1.33371978186565,"constrained","CMSY",1.33956896890819
"Gadus_morhua-27",2052,1.32915843698673,"constrained","CMSY",1.33404394270385
"Gadus_morhua-27",2053,1.33145247433369,"constrained","CMSY",1.33190210286997
"Gadus_morhua-27",2054,1.33839147753602,"constrained","CMSY",1.33301847156828
"Gadus_morhua-27",2055,1.34126256312316,"constrained","CMSY",1.33479694676905
"Gadus_morhua-27",2056,1.33915913943648,"constrained","CMSY",1.33588481828322
"Gadus_morhua-27",2057,1.33879304078021,"constrained","CMSY",1.33781173904191
"Gadus_morhua-27",2058,1.33982545671429,"constrained","CMSY",1.33948633551803
"Gadus_morhua-27",2059,1.34208333022437,"constrained","CMSY",1.3402247060557
"Gadus_morhua-27",2060,1.3423330036846,"constrained","CMSY",1.34043879416799
"Gadus_morhua-27",2061,1.33401024983408,"constrained","CMSY",1.33940901624751
"Gadus_morhua-27",2062,1.32941329726319,"constrained","CMSY",1.33753306754411
"Gadus_morhua-27",2063,1.32928637952419,"constrained","CMSY",1.33542525210609
"Gadus_morhua-27",2064,1.32518692860849,"constrained","CMSY",1.33204597178291
"Gadus_morhua-27",2065,1.3184488992219,"constrained","CMSY",1.32726915089037
"Gadus_morhua-27",2066,1.30427199631856,"constrained","CMSY",1.32132150018727
"Gadus_morhua-27",2067,1.28785144923682,"constrained","CMSY",1.31300913058199
"Gadus_morhua-27",2068,1.26284016873052,"constrained","CMSY",1.29971988842326
"Melanogrammus_aeglefinus-27",1980,1.48383127162536,"constrained","CMSY",NA
"Melanogrammus_aeglefinus-27",1981,1.63008604833302,"constrained","CMSY",NA
"Melanogrammus_aeglefinus-27",1982,1.72634216715704,"constrained","CMSY",NA
"Melanogrammus_aeglefinus-27",1983,1.77325485812111,"constrained","CMSY",NA
"Melanogrammus_aeglefinus-27",1984,1.7813636577085,"constrained","CMSY",1.67897560058901
"Melanogrammus_aeglefinus-27",1985,1.78582887591094,"constrained","CMSY",1.73937512144612
"Melanogrammus_aeglefinus-27",1986,1.77811781752269,"constrained","CMSY",1.76898147528406
"Melanogrammus_aeglefinus-27",1987,1.73564813056163,"constrained","CMSY",1.77084266796497
"Melanogrammus_aeglefinus-27",1988,1.76872561897978,"constrained","CMSY",1.76993682013671
"Melanogrammus_aeglefinus-27",1989,1.81551475720216,"constrained","CMSY",1.77676704003544
"Melanogrammus_aeglefinus-27",1990,1.84053221437087,"constrained","CMSY",1.78770770772743
"Melanogrammus_aeglefinus-27",1991,1.74240066713657,"constrained","CMSY",1.7805642776502
"Melanogrammus_aeglefinus-27",1992,1.56679747518462,"constrained","CMSY",1.7467941465748
"Melanogrammus_aeglefinus-27",1993,1.46688263876593,"constrained","CMSY",1.68642555053203
"Melanogrammus_aeglefinus-27",1994,1.28882034473624,"constrained","CMSY",1.58108666803885
"Melanogrammus_aeglefinus-27",1995,1.18422455073823,"constrained","CMSY",1.44982513531232
"Melanogrammus_aeglefinus-27",1996,1.05864820553282,"constrained","CMSY",1.31307464299157
"Melanogrammus_aeglefinus-27",1997,1.01155930475755,"constrained","CMSY",1.20202700890615
"Melanogrammus_aeglefinus-27",1998,1.08218192655184,"constrained","CMSY",1.12508686646334
"Melanogrammus_aeglefinus-27",1999,1.21884876089826,"constrained","CMSY",1.11109254969574
"Melanogrammus_aeglefinus-27",2000,1.34390057815658,"constrained","CMSY",1.14302775517941
"Melanogrammus_aeglefinus-27",2001,1.45091336821474,"constrained","CMSY",1.22148078771579
"Melanogrammus_aeglefinus-27",2002,1.51972357320465,"constrained","CMSY",1.32311364140521
"Melanogrammus_aeglefinus-27",2003,1.55469919124118,"constrained","CMSY",1.41761709434308
"Melanogrammus_aeglefinus-27",2004,1.51644774457107,"constrained","CMSY",1.47713689107764
"Melanogrammus_aeglefinus-27",2005,1.46774581572861,"constrained","CMSY",1.50190593859205
"Melanogrammus_aeglefinus-27",2006,1.34822289060235,"constrained","CMSY",1.48136784306957
"Melanogrammus_aeglefinus-27",2007,1.21664451960664,"constrained","CMSY",1.42075203234997
"Melanogrammus_aeglefinus-27",2008,1.21175142864421,"constrained","CMSY",1.35216247983058
"Melanogrammus_aeglefinus-27",2009,1.20148726874545,"constrained","CMSY",1.28917038466545
"Melanogrammus_aeglefinus-27",2010,1.14891272146354,"constrained","CMSY",1.22540376581244
"Melanogrammus_aeglefinus-27",2011,1.05730436192483,"constrained","CMSY",1.16722006007693
"Melanogrammus_aeglefinus-27",2012,0.979656707446057,"constrained","CMSY",1.11982249764482
"Melanogrammus_aeglefinus-27",2013,1.04469128046967,"constrained","CMSY",1.08641046800991
"Melanogrammus_aeglefinus-27",2014,1.13915649800909,"constrained","CMSY",1.07394431386264
"Melanogrammus_aeglefinus-27",2015,1.19909926580844,"constrained","CMSY",1.08398162273162
"Melanogrammus_aeglefinus-27",2016,1.24250489101083,"constrained","CMSY",1.12102172854882
"Melanogrammus_aeglefinus-27",2017,1.27427356010986,"constrained","CMSY",1.17994509908158
"Melanogrammus_aeglefinus-27",2018,1.30395517171924,"constrained","CMSY",1.23179787733149
"Melanogrammus_aeglefinus-27",2019,1.34720243947356,"constrained","CMSY",1.27340706562439
"Melanogrammus_aeglefinus-27",2020,1.38431015371955,"constrained","CMSY",1.31044924320661
"Melanogrammus_aeglefinus-27",2021,1.30208633115918,"constrained","CMSY",1.32236553123628
"Melanogrammus_aeglefinus-27",2022,1.18087181045614,"constrained","CMSY",1.30368518130553
"Melanogrammus_aeglefinus-27",2023,1.06098267885483,"constrained","CMSY",1.25509068273265
"Melanogrammus_aeglefinus-27",2024,0.968597795049426,"constrained","CMSY",1.17936975384782
"Melanogrammus_aeglefinus-27",2025,0.926359727769214,"constrained","CMSY",1.08777966865776
"Melanogrammus_aeglefinus-27",2026,0.936079192750365,"constrained","CMSY",1.01457824097599
"Melanogrammus_aeglefinus-27",2027,0.989154270431105,"constrained","CMSY",0.976234732970988
"Melanogrammus_aeglefinus-27",2028,1.06520703686066,"constrained","CMSY",0.977079604572154
"Melanogrammus_aeglefinus-27",2029,1.15098917849232,"constrained","CMSY",1.01355788126073
"Melanogrammus_aeglefinus-27",2030,1.23347847441432,"constrained","CMSY",1.07498163058975
"Melanogrammus_aeglefinus-27",2031,1.3169565890896,"constrained","CMSY",1.1511571098576
"Melanogrammus_aeglefinus-27",2032,1.39337619385727,"constrained","CMSY",1.23200149454283
"Melanogrammus_aeglefinus-27",2033,1.46395260698232,"constrained","CMSY",1.31175060856717
"Melanogrammus_aeglefinus-27",2034,1.52455794581195,"constrained","CMSY",1.38646436203109
"Melanogrammus_aeglefinus-27",2035,1.57434087596552,"constrained","CMSY",1.45463684234133
"Melanogrammus_aeglefinus-27",2036,1.61968466033042,"constrained","CMSY",1.5151824565895
"Melanogrammus_aeglefinus-27",2037,1.65535065164102,"constrained","CMSY",1.56757734814625
"Melanogrammus_aeglefinus-27",2038,1.69142166873829,"constrained","CMSY",1.61307116049744
"Melanogrammus_aeglefinus-27",2039,1.71561547156135,"constrained","CMSY",1.65128266564732
"Melanogrammus_aeglefinus-27",2040,1.73999829695831,"constrained","CMSY",1.68441414984588
"Melanogrammus_aeglefinus-27",2041,1.75702788758745,"constrained","CMSY",1.71188279529728
"Melanogrammus_aeglefinus-27",2042,1.77594690496885,"constrained","CMSY",1.73600204596285
"Melanogrammus_aeglefinus-27",2043,1.78957408439865,"constrained","CMSY",1.75563252909492
"Melanogrammus_aeglefinus-27",2044,1.76735934057424,"constrained","CMSY",1.7659813028975
"Melanogrammus_aeglefinus-27",2045,1.73673715928309,"constrained","CMSY",1.76532907536246
"Melanogrammus_aeglefinus-27",2046,1.71581870824675,"constrained","CMSY",1.75708723949432
"Melanogrammus_aeglefinus-27",2047,1.70507188439142,"constrained","CMSY",1.74291223537883
"Melanogrammus_aeglefinus-27",2048,1.71268020183277,"constrained","CMSY",1.72753345886565
"Melanogrammus_aeglefinus-27",2049,1.7259844382877,"constrained","CMSY",1.71925847840835
"Melanogrammus_aeglefinus-27",2050,1.74900792543123,"constrained","CMSY",1.72171263163797
"Melanogrammus_aeglefinus-27",2051,1.76861280224205,"constrained","CMSY",1.73227145043703
"Melanogrammus_aeglefinus-27",2052,1.78583004390487,"constrained","CMSY",1.74842308233972
"Melanogrammus_aeglefinus-27",2053,1.79808838210023,"constrained","CMSY",1.76550471839322
"Melanogrammus_aeglefinus-27",2054,1.80653907321531,"constrained","CMSY",1.78161564537874
"Melanogrammus_aeglefinus-27",2055,1.81466893987532,"constrained","CMSY",1.79474784826756
"Melanogrammus_aeglefinus-27",2056,1.82187202548521,"constrained","CMSY",1.80539969291619
"Melanogrammus_aeglefinus-27",2057,1.82242921399127,"constrained","CMSY",1.81271952693347
"Melanogrammus_aeglefinus-27",2058,1.82528715020207,"constrained","CMSY",1.81815928055384
"Melanogrammus_aeglefinus-27",2059,1.78529680870729,"constrained","CMSY",1.81391082765223
"Melanogrammus_aeglefinus-27",2060,1.74715642876545,"constrained","CMSY",1.80040832543026
"Melanogrammus_aeglefinus-27",2061,1.71235320852449,"constrained","CMSY",1.77850456203811
"Melanogrammus_aeglefinus-27",2062,1.68539275543712,"constrained","CMSY",1.75109727032728
"Melanogrammus_aeglefinus-27",2063,1.68810885216687,"constrained","CMSY",1.72366161072024
"Melanogrammus_aeglefinus-27",2064,1.69752496289757,"constrained","CMSY",1.7061072415583
"Melanogrammus_aeglefinus-27",2065,1.71982560408888,"constrained","CMSY",1.70064107662299
"Melanogrammus_aeglefinus-27",2066,1.69181695088082,"constrained","CMSY",1.69653382509425
"Melanogrammus_aeglefinus-27",2067,1.4949601813189,"constrained","CMSY",1.65844731027061
"Melanogrammus_aeglefinus-27",2068,1.25784622853537,"constrained","CMSY",1.57239478554431
"Micromesistius_poutassou-27",1980,0.893270988829522,"constrained","CMSY",NA
"Micromesistius_poutassou-27",1981,0.844274618099012,"constrained","CMSY",NA
"Micromesistius_poutassou-27",1982,0.901645022326925,"constrained","CMSY",NA
"Micromesistius_poutassou-27",1983,0.964624849683442,"constrained","CMSY",NA
"Micromesistius_poutassou-27",1984,1.01188189542644,"constrained","CMSY",0.923139474873068
"Micromesistius_poutassou-27",1985,1.04604973386214,"constrained","CMSY",0.953695223879592
"Micromesistius_poutassou-27",1986,1.01030464343633,"constrained","CMSY",0.986901228947055
"Micromesistius_poutassou-27",1987,1.038212245732,"constrained","CMSY",1.01421467362807
"Micromesistius_poutassou-27",1988,1.07211836642349,"constrained","CMSY",1.03571337697608
"Micromesistius_poutassou-27",1989,1.06723969531423,"constrained","CMSY",1.04678493695364
"Micromesistius_poutassou-27",1990,1.1098992245208,"constrained","CMSY",1.05955483508537
"Micromesistius_poutassou-27",1991,1.26462681416118,"constrained","CMSY",1.11041926923034
"Micromesistius_poutassou-27",1992,1.34365468549056,"constrained","CMSY",1.17150775718205
"Micromesistius_poutassou-27",1993,1.39301479598229,"constrained","CMSY",1.23568704309381
"Micromesistius_poutassou-27",1994,1.43203821929457,"constrained","CMSY",1.30864674788988
"Micromesistius_poutassou-27",1995,1.4354845488023,"constrained","CMSY",1.37376381274618
"Micromesistius_poutassou-27",1996,1.41293777978522,"constrained","CMSY",1.40342600587099
"Micromesistius_poutassou-27",1997,1.4740227654445,"constrained","CMSY",1.42949962186178
"Micromesistius_poutassou-27",1998,1.43280232883473,"constrained","CMSY",1.43745712843226
"Micromesistius_poutassou-27",1999,1.40434328201398,"constrained","CMSY",1.43191814097615
"Micromesistius_poutassou-27",2000,1.37660650342114,"constrained","CMSY",1.42014253189991
"Micromesistius_poutassou-27",2001,1.35466054814663,"constrained","CMSY",1.4084870855722
"Micromesistius_poutassou-27",2002,1.40902063655241,"constrained","CMSY",1.39548665979378
"Micromesistius_poutassou-27",2003,1.37810615459653,"constrained","CMSY",1.38454742494614
"Micromesistius_poutassou-27",2004,1.32981210584219,"constrained","CMSY",1.36964118971178
"Micromesistius_poutassou-27",2005,1.30203196189987,"constrained","CMSY",1.35472628140753
"Micromesistius_poutassou-27",2006,1.27451036834736,"constrained","CMSY",1.33869624544767
"Micromesistius_poutassou-27",2007,1.23471990315878,"constrained","CMSY",1.30383609876895
"Micromesistius_poutassou-27",2008,1.21811419061922,"constrained","CMSY",1.27183770597348
"Micromesistius_poutassou-27",2009,1.3150991865718,"constrained","CMSY",1.26889512211941
"Micromesistius_poutassou-27",2010,1.42069897548077,"constrained","CMSY",1.29262852483559
"Micromesistius_poutassou-27",2011,1.63221420748932,"constrained","CMSY",1.36416929266398
"Micromesistius_poutassou-27",2012,1.67364726882176,"constrained","CMSY",1.45195476579657
"Micromesistius_poutassou-27",2013,1.63895152849801,"constrained","CMSY",1.53612223337233
"Micromesistius_poutassou-27",2014,1.52996984575065,"constrained","CMSY",1.5790963652081
"Micromesistius_poutassou-27",2015,1.49166775600575,"constrained","CMSY",1.5932901213131
"Micromesistius_poutassou-27",2016,1.31669293642475,"constrained","CMSY",1.53018586710018
"Micromesistius_poutassou-27",2017,1.23073898025541,"constrained","CMSY",1.44160420938691
"Micromesistius_poutassou-27",2018,1.18735098825742,"constrained","CMSY",1.3512841013388
"Micromesistius_poutassou-27",2019,1.17131069947702,"constrained","CMSY",1.27955227208407
"Micromesistius_poutassou-27",2020,1.17564407720911,"constrained","CMSY",1.21634753632474
"Micromesistius_poutassou-27",2021,1.19070951908569,"constrained","CMSY",1.19115085285693
"Micromesistius_poutassou-27",2022,1.21231762676265,"constrained","CMSY",1.18746658215838
"Micromesistius_poutassou-27",2023,1.23610973576073,"constrained","CMSY",1.19721833165904
"Micromesistius_poutassou-27",2024,1.25696029333327,"constrained","CMSY",1.21434825043029
"Micromesistius_poutassou-27",2025,1.27536795639669,"constrained","CMSY",1.23429302626781
"Micromesistius_poutassou-27",2026,1.29046101053202,"constrained","CMSY",1.25424332455707
"Micromesistius_poutassou-27",2027,1.30467872051691,"constrained","CMSY",1.27271554330792
"Micromesistius_poutassou-27",2028,1.31589763179694,"constrained","CMSY",1.28867312251517
"Micromesistius_poutassou-27",2029,1.32435413050854,"constrained","CMSY",1.30215188995022
"Micromesistius_poutassou-27",2030,1.33091369305468,"constrained","CMSY",1.31326103728182
"Micromesistius_poutassou-27",2031,1.33569740731237,"constrained","CMSY",1.32230831663789
"Micromesistius_poutassou-27",2032,1.34280537176499,"constrained","CMSY",1.3299336468875
"Micromesistius_poutassou-27",2033,1.34847228529018,"constrained","CMSY",1.33644857758615
"Micromesistius_poutassou-27",2034,1.353625794582,"constrained","CMSY",1.34230291040084
"Micromesistius_poutassou-27",2035,1.35550281345338,"constrained","CMSY",1.34722073448058
"Micromesistius_poutassou-27",2036,1.3605883140403,"constrained","CMSY",1.35219891582617
"Micromesistius_poutassou-27",2037,1.36291325517648,"constrained","CMSY",1.35622049250847
"Micromesistius_poutassou-27",2038,1.36706781123446,"constrained","CMSY",1.35993959769732
"Micromesistius_poutassou-27",2039,1.36773537324192,"constrained","CMSY",1.36276151342931
"Micromesistius_poutassou-27",2040,1.3682286301585,"constrained","CMSY",1.36530667677033
"Micromesistius_poutassou-27",2041,1.3713123940586,"constrained","CMSY",1.36745149277399
"Micromesistius_poutassou-27",2042,1.37191711867236,"constrained","CMSY",1.36925226547317
"Micromesistius_poutassou-27",2043,1.37067410086733,"constrained","CMSY",1.36997352339974
"Micromesistius_poutassou-27",2044,1.37301489635484,"constrained","CMSY",1.37102942802233
"Micromesistius_poutassou-27",2045,1.37240248637085,"constrained","CMSY",1.3718641992648
"Micromesistius_poutassou-27",2046,1.37145741937648,"constrained","CMSY",1.37189320432837
"Micromesistius_poutassou-27",2047,1.37275602005757,"constrained","CMSY",1.37206098460541
"Micromesistius_poutassou-27",2048,1.37260418029201,"constrained","CMSY",1.37244700049035
"Micromesistius_poutassou-27",2049,1.37137582023925,"constrained","CMSY",1.37211918526723
"Micromesistius_poutassou-27",2050,1.36914113307024,"constrained","CMSY",1.37146691460711
"Micromesistius_poutassou-27",2051,1.3668164944915,"constrained","CMSY",1.37053872963011
"Micromesistius_poutassou-27",2052,1.36436174653794,"constrained","CMSY",1.36885987492619
"Micromesistius_poutassou-27",2053,1.36630318036338,"constrained","CMSY",1.36759967494046
"Micromesistius_poutassou-27",2054,1.36778664060303,"constrained","CMSY",1.36688183901322
"Micromesistius_poutassou-27",2055,1.36450147192804,"constrained","CMSY",1.36595390678478
"Micromesistius_poutassou-27",2056,1.36401813243958,"constrained","CMSY",1.36539423437439
"Micromesistius_poutassou-27",2057,1.36484590905627,"constrained","CMSY",1.36549106687806
"Micromesistius_poutassou-27",2058,1.36407834115334,"constrained","CMSY",1.36504609903605
"Micromesistius_poutassou-27",2059,1.3621582459518,"constrained","CMSY",1.36392042010581
"Micromesistius_poutassou-27",2060,1.36201165668009,"constrained","CMSY",1.36342245705622
"Micromesistius_poutassou-27",2061,1.36102967646062,"constrained","CMSY",1.36282476586042
"Micromesistius_poutassou-27",2062,1.35964722732321,"constrained","CMSY",1.36178502951381
"Micromesistius_poutassou-27",2063,1.3587543523044,"constrained","CMSY",1.36072023174402
"Micromesistius_poutassou-27",2064,1.35138615622208,"constrained","CMSY",1.35856581379808
"Micromesistius_poutassou-27",2065,1.34208141754901,"constrained","CMSY",1.35457976597186
"Micromesistius_poutassou-27",2066,1.33082444023344,"constrained","CMSY",1.34853871872643
"Micromesistius_poutassou-27",2067,1.31199006083815,"constrained","CMSY",1.33900728542942
"Micromesistius_poutassou-27",2068,1.28234725279643,"constrained","CMSY",1.32372586552782
"Pandalus_borealis-27",1980,0.871606129938036,"constrained","CMSY",NA
"Pandalus_borealis-27",1981,0.996761913163514,"constrained","CMSY",NA
"Pandalus_borealis-27",1982,1.14797244043035,"constrained","CMSY",NA
"Pandalus_borealis-27",1983,1.26593237255348,"constrained","CMSY",NA
"Pandalus_borealis-27",1984,1.32632789609508,"constrained","CMSY",1.12172015043609
"Pandalus_borealis-27",1985,1.31788237799507,"constrained","CMSY",1.2109754000475
"Pandalus_borealis-27",1986,1.38064839196015,"constrained","CMSY",1.28775269580683
"Pandalus_borealis-27",1987,1.46477086160378,"constrained","CMSY",1.35111238004151
"Pandalus_borealis-27",1988,1.52849017462288,"constrained","CMSY",1.40362394045539
"Pandalus_borealis-27",1989,1.5680948879174,"constrained","CMSY",1.45197733881986
"Pandalus_borealis-27",1990,1.606262002607,"constrained","CMSY",1.50965326374224
"Pandalus_borealis-27",1991,1.62067467080558,"constrained","CMSY",1.55765851951133
"Pandalus_borealis-27",1992,1.63481223658924,"constrained","CMSY",1.59166679450842
"Pandalus_borealis-27",1993,1.64300220216661,"constrained","CMSY",1.61456920001717
"Pandalus_borealis-27",1994,1.68926902290793,"constrained","CMSY",1.63880402701527
"Pandalus_borealis-27",1995,1.7278712185799,"constrained","CMSY",1.66312587020985
"Pandalus_borealis-27",1996,1.74396380806135,"constrained","CMSY",1.68778369766101
"Pandalus_borealis-27",1997,1.75681172758876,"constrained","CMSY",1.71218359586091
"Pandalus_borealis-27",1998,1.7708295710817,"constrained","CMSY",1.73774906964393
"Pandalus_borealis-27",1999,1.75059207811103,"constrained","CMSY",1.75001368068455
"Pandalus_borealis-27",2000,1.71256154534098,"constrained","CMSY",1.74695174603676
"Pandalus_borealis-27",2001,1.73403148740451,"constrained","CMSY",1.7449652819054
"Pandalus_borealis-27",2002,1.74735905188834,"constrained","CMSY",1.74307474676531
"Pandalus_borealis-27",2003,1.76991196373425,"constrained","CMSY",1.74289122529582
"Pandalus_borealis-27",2004,1.79718577555951,"constrained","CMSY",1.75220996478552
"Pandalus_borealis-27",2005,1.80102727335618,"constrained","CMSY",1.76990311038856
"Pandalus_borealis-27",2006,1.80263005721419,"constrained","CMSY",1.78362282435049
"Pandalus_borealis-27",2007,1.81300693668295,"constrained","CMSY",1.79675240130942
"Pandalus_borealis-27",2008,1.8165089070791,"constrained","CMSY",1.80607178997839
"Pandalus_borealis-27",2009,1.81624976191193,"constrained","CMSY",1.80988458724887
"Pandalus_borealis-27",2010,1.82202231483777,"constrained","CMSY",1.81408359554519
"Pandalus_borealis-27",2011,1.8023690286886,"constrained","CMSY",1.81403138984007
"Pandalus_borealis-27",2012,1.79998979018158,"constrained","CMSY",1.8114279605398
"Pandalus_borealis-27",2013,1.80527173141745,"constrained","CMSY",1.80918052540747
"Pandalus_borealis-27",2014,1.80906147507713,"constrained","CMSY",1.80774286804051
"Pandalus_borealis-27",2015,1.81385232553883,"constrained","CMSY",1.80610887018072
"Pandalus_borealis-27",2016,1.80507892165412,"constrained","CMSY",1.80665084877382
"Pandalus_borealis-27",2017,1.81253504978317,"constrained","CMSY",1.80915990069414
"Pandalus_borealis-27",2018,1.80525917604598,"constrained","CMSY",1.80915738961985
"Pandalus_borealis-27",2019,1.82395825587962,"constrained","CMSY",1.81213674578034
"Pandalus_borealis-27",2020,1.82089087456539,"constrained","CMSY",1.81354445558566
"Pandalus_borealis-27",2021,1.82225013536282,"constrained","CMSY",1.8169786983274
"Pandalus_borealis-27",2022,1.81638742690878,"constrained","CMSY",1.81774917375252
"Pandalus_borealis-27",2023,1.82675882622767,"constrained","CMSY",1.82204910378886
"Pandalus_borealis-27",2024,1.83199802140159,"constrained","CMSY",1.82365705689325
"Pandalus_borealis-27",2025,1.82882083654415,"constrained","CMSY",1.825243049289
"Pandalus_borealis-27",2026,1.82106628424294,"constrained","CMSY",1.82500627906503
"Pandalus_borealis-27",2027,1.82736583607762,"constrained","CMSY",1.82720196089879
"Pandalus_borealis-27",2028,1.81498935121334,"constrained","CMSY",1.82484806589593
"Pandalus_borealis-27",2029,1.80734600549781,"constrained","CMSY",1.81991766271517
"Pandalus_borealis-27",2030,1.79697134908141,"constrained","CMSY",1.81354776522262
"Pandalus_borealis-27",2031,1.79689035079486,"constrained","CMSY",1.80871257853301
"Pandalus_borealis-27",2032,1.80475468110975,"constrained","CMSY",1.80419034753943
"Pandalus_borealis-27",2033,1.79424752864274,"constrained","CMSY",1.80004198302531
"Pandalus_borealis-27",2034,1.78383414569234,"constrained","CMSY",1.79533961106422
"Pandalus_borealis-27",2035,1.76872648841791,"constrained","CMSY",1.78969063893152
"Pandalus_borealis-27",2036,1.76205393202054,"constrained","CMSY",1.78272335517666
"Pandalus_borealis-27",2037,1.75087889500677,"constrained","CMSY",1.77194819795606
"Pandalus_borealis-27",2038,1.75345907138961,"constrained","CMSY",1.76379050650543
"Pandalus_borealis-27",2039,1.74244271935362,"constrained","CMSY",1.75551222123769
"Pandalus_borealis-27",2040,1.71465894339716,"constrained","CMSY",1.74469871223354
"Pandalus_borealis-27",2041,1.67766298191837,"constrained","CMSY",1.72782052221311
"Pandalus_borealis-27",2042,1.65519463607158,"constrained","CMSY",1.70868367042607
"Pandalus_borealis-27",2043,1.63464631982099,"constrained","CMSY",1.68492112011234
"Pandalus_borealis-27",2044,1.60307999745158,"constrained","CMSY",1.65704857573194
"Pandalus_borealis-27",2045,1.58091674224171,"constrained","CMSY",1.63030013550085
"Pandalus_borealis-27",2046,1.55440459652572,"constrained","CMSY",1.60564845842232
"Pandalus_borealis-27",2047,1.5283028313652,"constrained","CMSY",1.58027009748104
"Pandalus_borealis-27",2048,1.49526474800015,"constrained","CMSY",1.55239378311687
"Pandalus_borealis-27",2049,1.47501351547645,"constrained","CMSY",1.52678048672185
"Pandalus_borealis-27",2050,1.46290278515817,"constrained","CMSY",1.50317769530514
"Pandalus_borealis-27",2051,1.42044119702555,"constrained","CMSY",1.4763850154051
"Pandalus_borealis-27",2052,1.39340560032911,"constrained","CMSY",1.44940556919789
"Pandalus_borealis-27",2053,1.36926239641168,"constrained","CMSY",1.42420509888019
"Pandalus_borealis-27",2054,1.3639793838185,"constrained","CMSY",1.4019982725486
"Pandalus_borealis-27",2055,1.31786585885031,"constrained","CMSY",1.37299088728703
"Pandalus_borealis-27",2056,1.28887206049067,"constrained","CMSY",1.34667705998005
"Pandalus_borealis-27",2057,1.25091197951998,"constrained","CMSY",1.31817833581823
"Pandalus_borealis-27",2058,1.23979523796598,"constrained","CMSY",1.29228490412909
"Pandalus_borealis-27",2059,1.19958749997731,"constrained","CMSY",1.25940652736085
"Pandalus_borealis-27",2060,1.20642643057914,"constrained","CMSY",1.23711864170662
"Pandalus_borealis-27",2061,1.23098943154053,"constrained","CMSY",1.22554211591659
"Pandalus_borealis-27",2062,1.15271733757552,"constrained","CMSY",1.2059031875277
"Pandalus_borealis-27",2063,1.14485462261664,"constrained","CMSY",1.18691506445783
"Pandalus_borealis-27",2064,1.09607663567833,"constrained","CMSY",1.16621289159803
"Pandalus_borealis-27",2065,1.0920119891699,"constrained","CMSY",1.14333000331618
"Pandalus_borealis-27",2066,1.06493785794174,"constrained","CMSY",1.11011968859643
"Pandalus_borealis-27",2067,0.939674448317509,"constrained","CMSY",1.06751111074482
"Pandalus_borealis-27",2068,0.881644167569536,"constrained","CMSY",1.0148690197354
"Pollachius_virens-27",1980,0.668029521829386,"constrained","CMSY",NA
"Pollachius_virens-27",1981,0.629663723742038,"constrained","CMSY",NA
"Pollachius_virens-27",1982,0.621524645208242,"constrained","CMSY",NA
"Pollachius_virens-27",1983,0.662740250023126,"constrained","CMSY",NA
"Pollachius_virens-27",1984,0.698940743628331,"constrained","CMSY",0.656179776886225
"Pollachius_virens-27",1985,0.769162406717444,"constrained","CMSY",0.676406353863836
"Pollachius_virens-27",1986,0.867350086253872,"constrained","CMSY",0.723943626366203
"Pollachius_virens-27",1987,0.965837274013704,"constrained","CMSY",0.792806152127295
"Pollachius_virens-27",1988,1.04585051415759,"constrained","CMSY",0.869428204954188
"Pollachius_virens-27",1989,1.12187054564865,"constrained","CMSY",0.954014165358252
"Pollachius_virens-27",1990,1.19926380066245,"constrained","CMSY",1.04003444414725
"Pollachius_virens-27",1991,1.28929991321874,"constrained","CMSY",1.12442440954023
"Pollachius_virens-27",1992,1.36296234919643,"constrained","CMSY",1.20384942457677
"Pollachius_virens-27",1993,1.43195435085456,"constrained","CMSY",1.28107019191617
"Pollachius_virens-27",1994,1.47892963709891,"constrained","CMSY",1.35248201020622
"Pollachius_virens-27",1995,1.52369807569583,"constrained","CMSY",1.41736886521289
"Pollachius_virens-27",1996,1.57547098550053,"constrained","CMSY",1.47460307966925
"Pollachius_virens-27",1997,1.61758652230576,"constrained","CMSY",1.52552791429112
"Pollachius_virens-27",1998,1.64348270418852,"constrained","CMSY",1.56783358495791
"Pollachius_virens-27",1999,1.66684793322041,"constrained","CMSY",1.60541724418221
"Pollachius_virens-27",2000,1.70186717257846,"constrained","CMSY",1.64105106355874
"Pollachius_virens-27",2001,1.72919510396084,"constrained","CMSY",1.6717958872508
"Pollachius_virens-27",2002,1.7468016873123,"constrained","CMSY",1.69763892025211
"Pollachius_virens-27",2003,1.7647724095168,"constrained","CMSY",1.72189686131776
"Pollachius_virens-27",2004,1.77213614994891,"constrained","CMSY",1.74295450466346
"Pollachius_virens-27",2005,1.78075478638669,"constrained","CMSY",1.75873202742511
"Pollachius_virens-27",2006,1.76451819866956,"constrained","CMSY",1.76579664636685
"Pollachius_virens-27",2007,1.77066009870907,"constrained","CMSY",1.77056832864621
"Pollachius_virens-27",2008,1.76263397686647,"constrained","CMSY",1.77014064211614
"Pollachius_virens-27",2009,1.76894607646321,"constrained","CMSY",1.769502627419
"Pollachius_virens-27",2010,1.75394089276714,"constrained","CMSY",1.76413984869509
"Pollachius_virens-27",2011,1.74869191223269,"constrained","CMSY",1.76097459140772
"Pollachius_virens-27",2012,1.75932562723826,"constrained","CMSY",1.75870769711355
"Pollachius_virens-27",2013,1.76658655404157,"constrained","CMSY",1.75949821254857
"Pollachius_virens-27",2014,1.78968787834419,"constrained","CMSY",1.76364657292477
"Pollachius_virens-27",2015,1.7801268380729,"constrained","CMSY",1.76888376198592
"Pollachius_virens-27",2016,1.79608160553806,"constrained","CMSY",1.778361700647
"Pollachius_virens-27",2017,1.80084342657365,"constrained","CMSY",1.78666526051407
"Pollachius_virens-27",2018,1.80231493776878,"constrained","CMSY",1.79381093725952
"Pollachius_virens-27",2019,1.81207412807277,"constrained","CMSY",1.79828818720523
"Pollachius_virens-27",2020,1.80512974356286,"constrained","CMSY",1.80328876830322
"Pollachius_virens-27",2021,1.796918576528,"constrained","CMSY",1.80345616250121
"Pollachius_virens-27",2022,1.80248724821029,"constrained","CMSY",1.80378492682854
"Pollachius_virens-27",2023,1.79901443913041,"constrained","CMSY",1.80312482710087
"Pollachius_virens-27",2024,1.79345189658151,"constrained","CMSY",1.79940038080261
"Pollachius_virens-27",2025,1.7864857990065,"constrained","CMSY",1.79567159189134
"Pollachius_virens-27",2026,1.7762176751796,"constrained","CMSY",1.79153141162166
"Pollachius_virens-27",2027,1.7756384951081,"constrained","CMSY",1.78616166100122
"Pollachius_virens-27",2028,1.75788446311732,"constrained","CMSY",1.77793566579861
"Pollachius_virens-27",2029,1.73854801771206,"constrained","CMSY",1.76695489002472
"Pollachius_virens-27",2030,1.73271721440226,"constrained","CMSY",1.75620117310387
"Pollachius_virens-27",2031,1.71217577436407,"constrained","CMSY",1.74339279294076
"Pollachius_virens-27",2032,1.68906130840627,"constrained","CMSY",1.7260773556004
"Pollachius_virens-27",2033,1.666134811178,"constrained","CMSY",1.70772742521253
"Pollachius_virens-27",2034,1.63787568687965,"constrained","CMSY",1.68759295904605
"Pollachius_virens-27",2035,1.61164021657511,"constrained","CMSY",1.66337755948062
"Pollachius_virens-27",2036,1.60041930611533,"constrained","CMSY",1.64102626583087
"Pollachius_virens-27",2037,1.58569808526246,"constrained","CMSY",1.62035362120211
"Pollachius_virens-27",2038,1.56585327881881,"constrained","CMSY",1.60029731473027
"Pollachius_virens-27",2039,1.55572932024097,"constrained","CMSY",1.58386804140254
"Pollachius_virens-27",2040,1.53651607895137,"constrained","CMSY",1.56884321387779
"Pollachius_virens-27",2041,1.52314747117777,"constrained","CMSY",1.55338884689028
"Pollachius_virens-27",2042,1.49619270781284,"constrained","CMSY",1.53548777140035
"Pollachius_virens-27",2043,1.46314197248009,"constrained","CMSY",1.51494551013261
"Pollachius_virens-27",2044,1.43497044385991,"constrained","CMSY",1.4907937348564
"Pollachius_virens-27",2045,1.41681242119778,"constrained","CMSY",1.46685300330568
"Pollachius_virens-27",2046,1.39706154988151,"constrained","CMSY",1.44163581904643
"Pollachius_virens-27",2047,1.38088714372776,"constrained","CMSY",1.41857470622941
"Pollachius_virens-27",2048,1.35692525729457,"constrained","CMSY",1.39733136319231
"Pollachius_virens-27",2049,1.33859228244316,"constrained","CMSY",1.37805573090896
"Pollachius_virens-27",2050,1.31865855343415,"constrained","CMSY",1.35842495735623
"Pollachius_virens-27",2051,1.29993970107119,"constrained","CMSY",1.33900058759417
"Pollachius_virens-27",2052,1.28408351400204,"constrained","CMSY",1.31963986164902
"Pollachius_virens-27",2053,1.2662430176541,"constrained","CMSY",1.30150341372093
"Pollachius_virens-27",2054,1.24349061442233,"constrained","CMSY",1.28248308011676
"Pollachius_virens-27",2055,1.2233812240571,"constrained","CMSY",1.26342761424135
"Pollachius_virens-27",2056,1.20129995698502,"constrained","CMSY",1.24369966542412
"Pollachius_virens-27",2057,1.18451504721632,"constrained","CMSY",1.22378597206697
"Pollachius_virens-27",2058,1.16660681514182,"constrained","CMSY",1.20385873156452
"Pollachius_virens-27",2059,1.15265666660712,"constrained","CMSY",1.18569194200148
"Pollachius_virens-27",2060,1.13489892887103,"constrained","CMSY",1.16799548296426
"Pollachius_virens-27",2061,1.11918398843538,"constrained","CMSY",1.15157228925433
"Pollachius_virens-27",2062,1.10533166142705,"constrained","CMSY",1.13573561209648
"Pollachius_virens-27",2063,1.08488165347973,"constrained","CMSY",1.11939057976406
"Pollachius_virens-27",2064,1.06760374160546,"constrained","CMSY",1.10237999476373
"Pollachius_virens-27",2065,1.04912903152651,"constrained","CMSY",1.08522601529483
"Pollachius_virens-27",2066,1.02761844134809,"constrained","CMSY",1.06691290587737
"Pollachius_virens-27",2067,0.998533965571541,"constrained","CMSY",1.04555336670627
"Pollachius_virens-27",2068,0.96913856910983,"constrained","CMSY",1.02240474983229
"Reinhardtius_hippoglossoides-27",1980,1.30270103957198,"constrained","CMSY",NA
"Reinhardtius_hippoglossoides-27",1981,1.3677786647604,"constrained","CMSY",NA
"Reinhardtius_hippoglossoides-27",1982,1.42646254721476,"constrained","CMSY",NA
"Reinhardtius_hippoglossoides-27",1983,1.47759714277261,"constrained","CMSY",NA
"Reinhardtius_hippoglossoides-27",1984,1.51948838383159,"constrained","CMSY",1.41880555563027
"Reinhardtius_hippoglossoides-27",1985,1.55423551886439,"constrained","CMSY",1.46911245148875
"Reinhardtius_hippoglossoides-27",1986,1.58123204298193,"constrained","CMSY",1.51180312713306
"Reinhardtius_hippoglossoides-27",1987,1.60458338240142,"constrained","CMSY",1.54742729417039
"Reinhardtius_hippoglossoides-27",1988,1.62198105309836,"constrained","CMSY",1.57630407623554
"Reinhardtius_hippoglossoides-27",1989,1.63611471527395,"constrained","CMSY",1.59962934252401
"Reinhardtius_hippoglossoides-27",1990,1.6502268211431,"constrained","CMSY",1.61882760297975
"Reinhardtius_hippoglossoides-27",1991,1.65829639786153,"constrained","CMSY",1.63424047395567
"Reinhardtius_hippoglossoides-27",1992,1.66196860387752,"constrained","CMSY",1.64571751825089
"Reinhardtius_hippoglossoides-27",1993,1.66068062282196,"constrained","CMSY",1.65345743219561
"Reinhardtius_hippoglossoides-27",1994,1.67976329748297,"constrained","CMSY",1.66218714863742
"Reinhardtius_hippoglossoides-27",1995,1.68663339624079,"constrained","CMSY",1.66946846365695
"Reinhardtius_hippoglossoides-27",1996,1.68706392056972,"constrained","CMSY",1.67522196819859
"Reinhardtius_hippoglossoides-27",1997,1.70763311041081,"constrained","CMSY",1.68435486950525
"Reinhardtius_hippoglossoides-27",1998,1.71582995509758,"constrained","CMSY",1.69538473596037
"Reinhardtius_hippoglossoides-27",1999,1.69337075160967,"constrained","CMSY",1.69810622678571
"Reinhardtius_hippoglossoides-27",2000,1.7020694624007,"constrained","CMSY",1.7011934400177
"Reinhardtius_hippoglossoides-27",2001,1.69700449239094,"constrained","CMSY",1.70318155438194
"Reinhardtius_hippoglossoides-27",2002,1.70778343216753,"constrained","CMSY",1.70321161873328
"Reinhardtius_hippoglossoides-27",2003,1.71609238255398,"constrained","CMSY",1.70326410422456
"Reinhardtius_hippoglossoides-27",2004,1.70364848922944,"constrained","CMSY",1.70531965174852
"Reinhardtius_hippoglossoides-27",2005,1.69407957514032,"constrained","CMSY",1.70372167429644
"Reinhardtius_hippoglossoides-27",2006,1.69312664771657,"constrained","CMSY",1.70294610536157
"Reinhardtius_hippoglossoides-27",2007,1.70150869272755,"constrained","CMSY",1.70169115747357
"Reinhardtius_hippoglossoides-27",2008,1.71227320079096,"constrained","CMSY",1.70092732112097
"Reinhardtius_hippoglossoides-27",2009,1.72674586081405,"constrained","CMSY",1.70554679543789
"Reinhardtius_hippoglossoides-27",2010,1.73471453397908,"constrained","CMSY",1.71367378720564
"Reinhardtius_hippoglossoides-27",2011,1.74154779331741,"constrained","CMSY",1.72335801632581
"Reinhardtius_hippoglossoides-27",2012,1.73555160496517,"constrained","CMSY",1.73016659877333
"Reinhardtius_hippoglossoides-27",2013,1.73222661103106,"constrained","CMSY",1.73415728082135
"Reinhardtius_hippoglossoides-27",2014,1.7327380134986,"constrained","CMSY",1.73535571135826
"Reinhardtius_hippoglossoides-27",2015,1.73615636852635,"constrained","CMSY",1.73564407826772
"Reinhardtius_hippoglossoides-27",2016,1.59064919550491,"constrained","CMSY",1.70546435870522
"Reinhardtius_hippoglossoides-27",2017,1.49887240739108,"constrained","CMSY",1.6581285191904
"Reinhardtius_hippoglossoides-27",2018,1.43626429883174,"constrained","CMSY",1.59893605675054
"Reinhardtius_hippoglossoides-27",2019,1.39257774141009,"constrained","CMSY",1.53090400233283
"Reinhardtius_hippoglossoides-27",2020,1.36214450443362,"constrained","CMSY",1.45610162951429
"Reinhardtius_hippoglossoides-27",2021,1.34305240101527,"constrained","CMSY",1.40658227061636
"Reinhardtius_hippoglossoides-27",2022,1.32795984289415,"constrained","CMSY",1.37239975771697
"Reinhardtius_hippoglossoides-27",2023,1.31894590982405,"constrained","CMSY",1.34893607991544
"Reinhardtius_hippoglossoides-27",2024,1.3104768839121,"constrained","CMSY",1.33251590841584
"Reinhardtius_hippoglossoides-27",2025,1.30537154653114,"constrained","CMSY",1.32116131683534
"Reinhardtius_hippoglossoides-27",2026,1.30061055982611,"constrained","CMSY",1.31267294859751
"Reinhardtius_hippoglossoides-27",2027,1.2950384253933,"constrained","CMSY",1.30608866509734
"Reinhardtius_hippoglossoides-27",2028,1.29016968891277,"constrained","CMSY",1.30033342091508
"Reinhardtius_hippoglossoides-27",2029,1.28815073259198,"constrained","CMSY",1.29586819065106
"Reinhardtius_hippoglossoides-27",2030,1.28380352175764,"constrained","CMSY",1.29155458569636
"Reinhardtius_hippoglossoides-27",2031,1.28026386432693,"constrained","CMSY",1.28748524659652
"Reinhardtius_hippoglossoides-27",2032,1.27888783933682,"constrained","CMSY",1.28425512938523
"Reinhardtius_hippoglossoides-27",2033,1.2771724350778,"constrained","CMSY",1.28165567861823
"Reinhardtius_hippoglossoides-27",2034,1.27600386057975,"constrained","CMSY",1.27922630421579
"Reinhardtius_hippoglossoides-27",2035,1.27520503953441,"constrained","CMSY",1.27750660777114
"Reinhardtius_hippoglossoides-27",2036,1.27664716087794,"constrained","CMSY",1.27678326708134
"Reinhardtius_hippoglossoides-27",2037,1.27646497050718,"constrained","CMSY",1.27629869331542
"Reinhardtius_hippoglossoides-27",2038,1.2742744916927,"constrained","CMSY",1.2757191046384
"Reinhardtius_hippoglossoides-27",2039,1.27415380565216,"constrained","CMSY",1.27534909365288
"Reinhardtius_hippoglossoides-27",2040,1.27428423538539,"constrained","CMSY",1.27516493282307
"Reinhardtius_hippoglossoides-27",2041,1.27245032687274,"constrained","CMSY",1.27432556602203
"Reinhardtius_hippoglossoides-27",2042,1.27278374093804,"constrained","CMSY",1.27358932010821
"Reinhardtius_hippoglossoides-27",2043,1.26960691146914,"constrained","CMSY",1.27265580406349
"Reinhardtius_hippoglossoides-27",2044,1.26856238020558,"constrained","CMSY",1.27153751897418
"Reinhardtius_hippoglossoides-27",2045,1.26753227033725,"constrained","CMSY",1.27018712596455
"Reinhardtius_hippoglossoides-27",2046,1.26732889131129,"constrained","CMSY",1.26916283885226
"Reinhardtius_hippoglossoides-27",2047,1.26412231246677,"constrained","CMSY",1.26743055315801
"Reinhardtius_hippoglossoides-27",2048,1.26061272417752,"constrained","CMSY",1.26563171569968
"Reinhardtius_hippoglossoides-27",2049,1.2547838553431,"constrained","CMSY",1.26287601072719
"Reinhardtius_hippoglossoides-27",2050,1.24996255103398,"constrained","CMSY",1.25936206686653
"Reinhardtius_hippoglossoides-27",2051,1.24680759299502,"constrained","CMSY",1.25525780720328
"Reinhardtius_hippoglossoides-27",2052,1.24154822261076,"constrained","CMSY",1.25074298923208
"Reinhardtius_hippoglossoides-27",2053,1.23672239490308,"constrained","CMSY",1.24596492337719
"Reinhardtius_hippoglossoides-27",2054,1.23185614452603,"constrained","CMSY",1.24137938121377
"Reinhardtius_hippoglossoides-27",2055,1.22795532368473,"constrained","CMSY",1.23697793574392
"Reinhardtius_hippoglossoides-27",2056,1.22248264154774,"constrained","CMSY",1.23211294545447
"Reinhardtius_hippoglossoides-27",2057,1.21848469849325,"constrained","CMSY",1.22750024063097
"Reinhardtius_hippoglossoides-27",2058,1.21394389850347,"constrained","CMSY",1.22294454135104
"Reinhardtius_hippoglossoides-27",2059,1.20942528306189,"constrained","CMSY",1.21845836905822
"Reinhardtius_hippoglossoides-27",2060,1.20679038621304,"constrained","CMSY",1.21422538156388
"Reinhardtius_hippoglossoides-27",2061,1.20236432639226,"constrained","CMSY",1.21020171853278
"Reinhardtius_hippoglossoides-27",2062,1.19511221874772,"constrained","CMSY",1.20552722258368
"Reinhardtius_hippoglossoides-27",2063,1.18944344002648,"constrained","CMSY",1.20062713088828
"Reinhardtius_hippoglossoides-27",2064,1.18265579502259,"constrained","CMSY",1.19527323328042
"Reinhardtius_hippoglossoides-27",2065,1.1762159867618,"constrained","CMSY",1.18915835339017
"Reinhardtius_hippoglossoides-27",2066,1.16737548914404,"constrained","CMSY",1.18216058594053
"Reinhardtius_hippoglossoides-27",2067,1.15663659736887,"constrained","CMSY",1.17446546166476
"Reinhardtius_hippoglossoides-27",2068,1.14443854055973,"constrained","CMSY",1.16546448177141
"Scomber_scombrus-27",1980,0.639330887058266,"constrained","CMSY",NA
"Scomber_scombrus-27",1981,0.731115878114092,"constrained","CMSY",NA
"Scomber_scombrus-27",1982,0.830942511253504,"constrained","CMSY",NA
"Scomber_scombrus-27",1983,0.944720607048686,"constrained","CMSY",NA
"Scomber_scombrus-27",1984,1.06056614562501,"constrained","CMSY",0.841335205819912
"Scomber_scombrus-27",1985,1.18060605999212,"constrained","CMSY",0.949590240406682
"Scomber_scombrus-27",1986,1.27465512425581,"constrained","CMSY",1.05829808963503
"Scomber_scombrus-27",1987,1.33059122031945,"constrained","CMSY",1.15822783144822
"Scomber_scombrus-27",1988,1.38303410378404,"constrained","CMSY",1.24589053079529
"Scomber_scombrus-27",1989,1.44331271219912,"constrained","CMSY",1.32243984411011
"Scomber_scombrus-27",1990,1.47629286283164,"constrained","CMSY",1.38157720467801
"Scomber_scombrus-27",1991,1.49044958770378,"constrained","CMSY",1.42473609736761
"Scomber_scombrus-27",1992,1.44880877160102,"constrained","CMSY",1.44837960762392
"Scomber_scombrus-27",1993,1.38749016430502,"constrained","CMSY",1.44927081972812
"Scomber_scombrus-27",1994,1.31194094972499,"constrained","CMSY",1.42299646723329
"Scomber_scombrus-27",1995,1.28913855798434,"constrained","CMSY",1.38556560626383
"Scomber_scombrus-27",1996,1.34077488798692,"constrained","CMSY",1.35563066632046
"Scomber_scombrus-27",1997,1.37789513129438,"constrained","CMSY",1.34144793825913
"Scomber_scombrus-27",1998,1.35348902915277,"constrained","CMSY",1.33464771122868
"Scomber_scombrus-27",1999,1.38933256883826,"constrained","CMSY",1.35012603505133
"Scomber_scombrus-27",2000,1.37271382680368,"constrained","CMSY",1.3668410888152
"Scomber_scombrus-27",2001,1.33383223921929,"constrained","CMSY",1.36545255906168
"Scomber_scombrus-27",2002,1.31308208018504,"constrained","CMSY",1.35248994883981
"Scomber_scombrus-27",2003,1.3674562992349,"constrained","CMSY",1.35528340285623
"Scomber_scombrus-27",2004,1.41405810278851,"constrained","CMSY",1.36022850964628
"Scomber_scombrus-27",2005,1.47403398819187,"constrained","CMSY",1.38049254192392
"Scomber_scombrus-27",2006,1.55198831914607,"constrained","CMSY",1.42412375790928
"Scomber_scombrus-27",2007,1.5759165753934,"constrained","CMSY",1.47669065695095
"Scomber_scombrus-27",2008,1.5979399886459,"constrained","CMSY",1.52278739483315
"Scomber_scombrus-27",2009,1.59359747201632,"constrained","CMSY",1.55869526867871
"Scomber_scombrus-27",2010,1.58468196343335,"constrained","CMSY",1.58082486372701
"Scomber_scombrus-27",2011,1.57426582734912,"constrained","CMSY",1.58528036536762
"Scomber_scombrus-27",2012,1.59531908736493,"constrained","CMSY",1.58916086776192
"Scomber_scombrus-27",2013,1.6122027585732,"constrained","CMSY",1.59201342174738
"Scomber_scombrus-27",2014,1.5384071393214,"constrained","CMSY",1.5809753552084
"Scomber_scombrus-27",2015,1.53416386682024,"constrained","CMSY",1.57087173588578
"Scomber_scombrus-27",2016,1.4312082640942,"constrained","CMSY",1.54226022323479
"Scomber_scombrus-27",2017,1.37358120911776,"constrained","CMSY",1.49791264758536
"Scomber_scombrus-27",2018,1.3430488238537,"constrained","CMSY",1.44408186064146
"Scomber_scombrus-27",2019,1.32489531830989,"constrained","CMSY",1.40137949643916
"Scomber_scombrus-27",2020,1.31279742346154,"constrained","CMSY",1.35710620776742
"Scomber_scombrus-27",2021,1.30455070697457,"constrained","CMSY",1.33177469634349
"Scomber_scombrus-27",2022,1.30048277065417,"constrained","CMSY",1.31715500865077
"Scomber_scombrus-27",2023,1.30061522064562,"constrained","CMSY",1.30866828800916
"Scomber_scombrus-27",2024,1.30220830114228,"constrained","CMSY",1.30413088457564
"Scomber_scombrus-27",2025,1.3056413556678,"constrained","CMSY",1.30269967101689
"Scomber_scombrus-27",2026,1.31027216161462,"constrained","CMSY",1.3038439619449
"Scomber_scombrus-27",2027,1.31598370611405,"constrained","CMSY",1.30694414903687
"Scomber_scombrus-27",2028,1.3206655209415,"constrained","CMSY",1.31095420909605
"Scomber_scombrus-27",2029,1.31894164262753,"constrained","CMSY",1.3143008773931
"Scomber_scombrus-27",2030,1.31634692425798,"constrained","CMSY",1.31644199111114
"Scomber_scombrus-27",2031,1.31307998787638,"constrained","CMSY",1.31700355636349
"Scomber_scombrus-27",2032,1.31071253396322,"constrained","CMSY",1.31594932193332
"Scomber_scombrus-27",2033,1.31070135947863,"constrained","CMSY",1.31395648964075
"Scomber_scombrus-27",2034,1.3144714388986,"constrained","CMSY",1.31306244889496
"Scomber_scombrus-27",2035,1.3148106473076,"constrained","CMSY",1.31275519350489
"Scomber_scombrus-27",2036,1.31725004736124,"constrained","CMSY",1.31358920540186
"Scomber_scombrus-27",2037,1.32195264304516,"constrained","CMSY",1.31583722721825
"Scomber_scombrus-27",2038,1.32997213388665,"constrained","CMSY",1.31969138209985
"Scomber_scombrus-27",2039,1.33478187187163,"constrained","CMSY",1.32375346869446
"Scomber_scombrus-27",2040,1.3384128656866,"constrained","CMSY",1.32847391237026
"Scomber_scombrus-27",2041,1.34086977131677,"constrained","CMSY",1.33319785716136
"Scomber_scombrus-27",2042,1.34359597848473,"constrained","CMSY",1.33752652424928
"Scomber_scombrus-27",2043,1.34627641646627,"constrained","CMSY",1.3407873807652
"Scomber_scombrus-27",2044,1.34866886444606,"constrained","CMSY",1.34356477928009
"Scomber_scombrus-27",2045,1.34749685501366,"constrained","CMSY",1.3453815771455
"Scomber_scombrus-27",2046,1.34306455397867,"constrained","CMSY",1.34582053367788
"Scomber_scombrus-27",2047,1.34042692727872,"constrained","CMSY",1.34518672343668
"Scomber_scombrus-27",2048,1.33501011363161,"constrained","CMSY",1.34293346286974
"Scomber_scombrus-27",2049,1.33235445952807,"constrained","CMSY",1.33967058188615
"Scomber_scombrus-27",2050,1.3315172220581,"constrained","CMSY",1.33647465529503
"Scomber_scombrus-27",2051,1.33155575252685,"constrained","CMSY",1.33417289500467
"Scomber_scombrus-27",2052,1.3272500849585,"constrained","CMSY",1.33153752654063
"Scomber_scombrus-27",2053,1.3234463579898,"constrained","CMSY",1.32922477541226
"Scomber_scombrus-27",2054,1.32150694873491,"constrained","CMSY",1.32705527325363
"Scomber_scombrus-27",2055,1.31945013565212,"constrained","CMSY",1.32464185597244
"Scomber_scombrus-27",2056,1.3194105972709,"constrained","CMSY",1.32221282492125
"Scomber_scombrus-27",2057,1.31874837777226,"constrained","CMSY",1.320512483484
"Scomber_scombrus-27",2058,1.31946622999799,"constrained","CMSY",1.31971645788564
"Scomber_scombrus-27",2059,1.3196351968846,"constrained","CMSY",1.31934210751557
"Scomber_scombrus-27",2060,1.32047729869598,"constrained","CMSY",1.31954754012435
"Scomber_scombrus-27",2061,1.31996574871955,"constrained","CMSY",1.31965857041408
"Scomber_scombrus-27",2062,1.31882031993637,"constrained","CMSY",1.3196729588469
"Scomber_scombrus-27",2063,1.31819803022494,"constrained","CMSY",1.31941931889229
"Scomber_scombrus-27",2064,1.31465366280494,"constrained","CMSY",1.31842301207636
"Scomber_scombrus-27",2065,1.30673365908052,"constrained","CMSY",1.31567428415326
"Scomber_scombrus-27",2066,1.30112580958264,"constrained","CMSY",1.31190629632588
"Scomber_scombrus-27",2067,1.28825845546027,"constrained","CMSY",1.30579392343066
"Scomber_scombrus-27",2068,1.26230179267131,"constrained","CMSY",1.29461467591994
"Sebastes_mentella-27",1980,0.59948597094847,"constrained","CMSY",NA
"Sebastes_mentella-27",1981,0.709987453080781,"constrained","CMSY",NA
"Sebastes_mentella-27",1982,0.824265589013844,"constrained","CMSY",NA
"Sebastes_mentella-27",1983,0.945106584698674,"constrained","CMSY",NA
"Sebastes_mentella-27",1984,1.06392054647965,"constrained","CMSY",0.828553228844284
"Sebastes_mentella-27",1985,1.17150098261323,"constrained","CMSY",0.942956231177236
"Sebastes_mentella-27",1986,1.26532387065426,"constrained","CMSY",1.05402351469193
"Sebastes_mentella-27",1987,1.34375971567499,"constrained","CMSY",1.15792234002416
"Sebastes_mentella-27",1988,1.4161157575161,"constrained","CMSY",1.25212417458765
"Sebastes_mentella-27",1989,1.46451855956071,"constrained","CMSY",1.33224377720386
"Sebastes_mentella-27",1990,1.4992993296966,"constrained","CMSY",1.39780344662053
"Sebastes_mentella-27",1991,1.53274324411248,"constrained","CMSY",1.45128732131218
"Sebastes_mentella-27",1992,1.55912941209337,"constrained","CMSY",1.49436126059585
"Sebastes_mentella-27",1993,1.5826151756173,"constrained","CMSY",1.52766114421609
"Sebastes_mentella-27",1994,1.40472819476045,"constrained","CMSY",1.51570307125604
"Sebastes_mentella-27",1995,1.36326390393747,"constrained","CMSY",1.48849598610421
"Sebastes_mentella-27",1996,1.40194191247563,"constrained","CMSY",1.46233571977684
"Sebastes_mentella-27",1997,1.54099261032476,"constrained","CMSY",1.45870835942312
"Sebastes_mentella-27",1998,1.62463965432605,"constrained","CMSY",1.46711325516487
"Sebastes_mentella-27",1999,1.58962619571058,"constrained","CMSY",1.5040928553549
"Sebastes_mentella-27",2000,1.64180329030512,"constrained","CMSY",1.55980073262843
"Sebastes_mentella-27",2001,1.68920744014783,"constrained","CMSY",1.61725383816287
"Sebastes_mentella-27",2002,1.60187673277789,"constrained","CMSY",1.62943066265349
"Sebastes_mentella-27",2003,1.71736088317442,"constrained","CMSY",1.64797490842317
"Sebastes_mentella-27",2004,1.8111502178409,"constrained","CMSY",1.69227971284923
"Sebastes_mentella-27",2005,1.82496864976503,"constrained","CMSY",1.72891278474121
"Sebastes_mentella-27",2006,1.81303664305563,"constrained","CMSY",1.75367862532277
"Sebastes_mentella-27",2007,1.5293881645452,"constrained","CMSY",1.73918091167624
"Sebastes_mentella-27",2008,1.54784650363464,"constrained","CMSY",1.70527803576828
"Sebastes_mentella-27",2009,1.6344135181194,"constrained","CMSY",1.66993069582398
"Sebastes_mentella-27",2010,1.7173339663915,"constrained","CMSY",1.64840375914927
"Sebastes_mentella-27",2011,1.72435032581585,"constrained","CMSY",1.63066649570132
"Sebastes_mentella-27",2012,1.71804771242915,"constrained","CMSY",1.66839840527811
"Sebastes_mentella-27",2013,1.75033829475811,"constrained","CMSY",1.7088967635028
"Sebastes_mentella-27",2014,1.78737419923866,"constrained","CMSY",1.73948889972665
"Sebastes_mentella-27",2015,1.6913486760601,"constrained","CMSY",1.73429184166037
"Sebastes_mentella-27",2016,1.56581937337143,"constrained","CMSY",1.70258565117149
"Sebastes_mentella-27",2017,1.50072971441468,"constrained","CMSY",1.6591220515686
"Sebastes_mentella-27",2018,1.45573259212461,"constrained","CMSY",1.6002009110419
"Sebastes_mentella-27",2019,1.43428552023861,"constrained","CMSY",1.52958317524189
"Sebastes_mentella-27",2020,1.42051523033219,"constrained","CMSY",1.4754164860963
"Sebastes_mentella-27",2021,1.40520255643622,"constrained","CMSY",1.44329312270926
"Sebastes_mentella-27",2022,1.41097505868984,"constrained","CMSY",1.42534219156429
"Sebastes_mentella-27",2023,1.404528017578,"constrained","CMSY",1.41510127665497
"Sebastes_mentella-27",2024,1.40791113937014,"constrained","CMSY",1.40982640048128
"Sebastes_mentella-27",2025,1.41035393374736,"constrained","CMSY",1.40779414116431
"Sebastes_mentella-27",2026,1.41476709720203,"constrained","CMSY",1.40970704931747
"Sebastes_mentella-27",2027,1.40229160354026,"constrained","CMSY",1.40797035828756
"Sebastes_mentella-27",2028,1.38926526119371,"constrained","CMSY",1.4049178070107
"Sebastes_mentella-27",2029,1.37603668567204,"constrained","CMSY",1.39854291627108
"Sebastes_mentella-27",2030,1.36641538633358,"constrained","CMSY",1.38975520678832
"Sebastes_mentella-27",2031,1.37784935725168,"constrained","CMSY",1.38237165879825
"Sebastes_mentella-27",2032,1.3800407569807,"constrained","CMSY",1.37792148948634
"Sebastes_mentella-27",2033,1.38099610018904,"constrained","CMSY",1.37626765728541
"Sebastes_mentella-27",2034,1.39044101825015,"constrained","CMSY",1.37914852380103
"Sebastes_mentella-27",2035,1.38654420903748,"constrained","CMSY",1.38317428834181
"Sebastes_mentella-27",2036,1.39353067838032,"constrained","CMSY",1.38631055256754
"Sebastes_mentella-27",2037,1.39747777751659,"constrained","CMSY",1.38979795667472
"Sebastes_mentella-27",2038,1.40152015126271,"constrained","CMSY",1.39390276688945
"Sebastes_mentella-27",2039,1.39388440813465,"constrained","CMSY",1.39459144486635
"Sebastes_mentella-27",2040,1.39529373326003,"constrained","CMSY",1.39634134971086
"Sebastes_mentella-27",2041,1.38329833970738,"constrained","CMSY",1.39429488197627
"Sebastes_mentella-27",2042,1.38241506747174,"constrained","CMSY",1.3912823399673
"Sebastes_mentella-27",2043,1.38896960185918,"constrained","CMSY",1.3887722300866
"Sebastes_mentella-27",2044,1.38376508799686,"constrained","CMSY",1.38674836605904
"Sebastes_mentella-27",2045,1.38661702018702,"constrained","CMSY",1.38501302344444
"Sebastes_mentella-27",2046,1.37243906504314,"constrained","CMSY",1.38284116851159
"Sebastes_mentella-27",2047,1.37351125236661,"constrained","CMSY",1.38106040549056
"Sebastes_mentella-27",2048,1.37193480730081,"constrained","CMSY",1.37765344657889
"Sebastes_mentella-27",2049,1.37157077934145,"constrained","CMSY",1.37521458484781
"Sebastes_mentella-27",2050,1.3771588578515,"constrained","CMSY",1.3733229523807
"Sebastes_mentella-27",2051,1.36992394878666,"constrained","CMSY",1.37281992912941
"Sebastes_mentella-27",2052,1.3597288259862,"constrained","CMSY",1.37006344385332
"Sebastes_mentella-27",2053,1.35638809097913,"constrained","CMSY",1.36695410058899
"Sebastes_mentella-27",2054,1.35503349445635,"constrained","CMSY",1.36364664361197
"Sebastes_mentella-27",2055,1.34480994268645,"constrained","CMSY",1.35717686057896
"Sebastes_mentella-27",2056,1.3411120045097,"constrained","CMSY",1.35141447172357
"Sebastes_mentella-27",2057,1.33954684086685,"constrained","CMSY",1.3473780746997
"Sebastes_mentella-27",2058,1.33721900259688,"constrained","CMSY",1.34354425702325
"Sebastes_mentella-27",2059,1.33328601286836,"constrained","CMSY",1.33919476070565
"Sebastes_mentella-27",2060,1.33544308810828,"constrained","CMSY",1.33732138979001
"Sebastes_mentella-27",2061,1.32962308673657,"constrained","CMSY",1.33502360623539
"Sebastes_mentella-27",2062,1.32530884554344,"constrained","CMSY",1.33217600717071
"Sebastes_mentella-27",2063,1.31303778741717,"constrained","CMSY",1.32733976413476
"Sebastes_mentella-27",2064,1.30003121485606,"constrained","CMSY",1.3206888045323
"Sebastes_mentella-27",2065,1.27946964100026,"constrained","CMSY",1.3094941151107
"Sebastes_mentella-27",2066,1.23350859632387,"constrained","CMSY",1.29027121702816
"Sebastes_mentella-27",2067,1.19697639040181,"constrained","CMSY",1.26460472599983
"Sebastes_mentella-27",2068,1.16894488051714,"constrained","CMSY",1.23578614461983
